,objects
whitehouse_gov_png.rf.ed95e1b536191c9a6ed5adbc4b4195fe.jpg,"['image', 'link', 'link', 'link', 'image', 'text', 'link', 'link']"
digitaltrends_com_png.rf.f937de23d69da2e15909511fb28dfd74.jpg,['image']
asus_com_png.rf.55db6adf4cb9ac7737c536b4f77277f6.jpg,"['image', 'heading', 'button', 'link', 'image', 'button', 'button']"
npmjs_com_png.rf.f53c154b82a941d6733d0eec2a40a69b.jpg,"['image', 'button', 'button', 'button', 'field', 'button']"
groups_yahoo_com_png.rf.e1ad46720793cbf94dd2f591ea794859.jpg,"['link', 'link', 'link', 'field', 'button', 'button', 'link', 'link', 'link', 'button', 'button', 'link', 'link']"
advancedcustomfields_com_png.rf.6f4fb9312956314be1618aad086ef497.jpg,"['image', 'button', 'text', 'image', 'button']"
stumbleupon_com_png.rf.c02025a216e3238cb443a88948a111c7.jpg,"['heading', 'heading', 'button', 'image', 'text', 'image', 'button']"
nist_gov_png.rf.fc9005e38b3bedc2a1840fbb70b1a7e6.jpg,"['image', 'image', 'image', 'button', 'heading', 'field']"
wikihow_com_png.rf.97027d77c2a36904907ed55b37506ebc.jpg,"['button', 'heading', 'image', 'image', 'image', 'heading', 'heading', 'image', 'heading', 'heading', 'image', 'image', 'image', 'heading']"
families_google_com_png.rf.734743a55f13a289cf0f32b757b7152b.jpg,"['text', 'image', 'heading', 'image', 'button', 'button']"
sv_wikipedia_org_png.rf.5b157bd3227fa6fb3406b246baf5d1a9.jpg,"['link', 'link', 'text', 'link', 'link', 'link', 'link', 'text', 'link', 'link', 'link', 'link', 'link', 'link', 'link', 'text', 'link', 'heading', 'link', 'link', 'link', 'link', 'button', 'link', 'link', 'link', 'link', 'image', 'text', 'link', 'link', 'text', 'link', 'link', 'link', 'link', 'link', 'link', 'text', 'link', 'link', 'link', 'link', 'link', 'link', 'button', 'link', 'link', 'link', 'link', 'link', 'link', 'link', 'link', 'link', 'link', 'link', 'link', 'link', 'link', 'link', 'link', 'image', 'link', 'link', 'link', 'link', 'link', 'link', 'link', 'link', 'link', 'field', 'link', 'image']"
worldwildlife_org_png.rf.111131b3286bbffae1d399f33e3ba98c.jpg,"['button', 'image', 'heading', 'button', 'field', 'button']"
pewresearch_org_png.rf.b0d743efe82b3a989ceae3563ba161fb.jpg,"['button', 'button', 'heading', 'text', 'heading', 'image', 'heading', 'button', 'button', 'button', 'button', 'button', 'button', 'heading', 'heading', 'button', 'button', 'button', 'button', 'field', 'text']"
ted_com_png.rf.455e41b08e90ef78b0779fc96e1fd476.jpg,"['button', 'button', 'button', 'button', 'image', 'button', 'button', 'button', 'button', 'button', 'button', 'button', 'link', 'button', 'button', 'button', 'button', 'button', 'button', 'button']"
material_io_png.rf.bea4d4a392703cc5f405f17276096fc6.jpg,"['heading', 'image', 'image', 'text', 'button', 'image', 'image', 'heading', 'button', 'image']"
techsmith_com_png.rf.8e4fa69114ff288af40a695f3eb63e7f.jpg,"['text', 'button', 'button', 'button', 'image', 'button', 'button', 'button', 'button', 'text', 'button', 'button', 'heading', 'text', 'image', 'button']"
popsugar_com_png.rf.554a360bfd5a67ca3875be0b6a1bb5d7.jpg,"['button', 'image', 'button', 'button', 'heading', 'button', 'image', 'button', 'button', 'button', 'image', 'heading', 'button', 'heading', 'heading', 'image']"
xing_com_png.rf.133bd9bc2c8c4e5d777cec78f1366577.jpg,"['field', 'button', 'image', 'heading', 'field', 'button']"
it_linkedin_com_png.rf.9e5c56c89cf4924092f2c8bac6d9f6fb.jpg,"['text', 'button', 'text', 'text', 'field', 'button', 'button', 'field', 'image', 'heading']"
payumoney_com_png.rf.377b4ce60a103fc1f5944d2c5fe727a6.jpg,"['image', 'heading', 'button', 'button', 'button']"
bu_edu_png.rf.b891bb719d01944488a69e1f9459e10d.jpg,['link']
shop_gopro_com_png.rf.a83ffb84ed43aa4ac1c0fb8466707f2a.jpg,"['button', 'text', 'button', 'button']"
census_gov_png.rf.5007448c2b46ae0d74f54a1af3480474.jpg,"['button', 'image']"
computer_org_png.rf.02f0edacb53fb8aad0480cff553c694c.jpg,"['button', 'image', 'iframe', 'heading', 'heading', 'button', 'text', 'text', 'text']"
twitch_tv_png.rf.6b53ac58523126a552cd5350d6f56503.jpg,"['button', 'text', 'heading', 'button', 'heading', 'text', 'image', 'image', 'field', 'image']"
mozilla_org_png.rf.063fdeabe7095a653efc543321192498.jpg,"['text', 'image', 'image', 'button', 'heading', 'image', 'button']"
experiments_withgoogle_com_png.rf.24461c709bc26c1611b2494940d1f107.jpg,"['heading', 'image', 'image', 'image']"
my_pcloud_com_png.rf.dc5c2505f685ad7e19f1c78f2caf9cae.jpg,"['text', 'field', 'link', 'field', 'button', 'text', 'button', 'field', 'field']"
plot_ly_png.rf.6ed8879f7f3bbed67ce740e918f80ee8.jpg,"['heading', 'heading']"
vk_com_png.rf.db97150f3f15398504c174cbc74b3ce5.jpg,"['button', 'button', 'text', 'image', 'button', 'field', 'button', 'button', 'field', 'field', 'field', 'field', 'field']"
support_google_com_png.rf.a9daef72debffbf4a62e772438724edb.jpg,"['link', 'image', 'image', 'button', 'image', 'field']"
store_steampowered_com_png.rf.a81af59d089051df2f8d0d76d7138a92.jpg,"['text', 'button', 'field', 'button', 'button', 'button', 'button', 'button', 'button']"
venmo_com_png.rf.3e592406eba1984a721a10778b6292f1.jpg,"['heading', 'button']"
sites_google_com_png.rf.8a55aea65993cc411b1368bc79853874.jpg,"['link', 'link', 'image', 'heading', 'field', 'field', 'image']"
entrepreneur_com_png.rf.127bfea0241150dfdff5392b22e0ac82.jpg,"['image', 'heading', 'image', 'link']"
worldcat_org_png.rf.967414a4310a147de04813acead8f497.jpg,"['text', 'text', 'button', 'image', 'button', 'text', 'button', 'button', 'button', 'link', 'link', 'field', 'link', 'link', 'button', 'link', 'button']"
minecraft_net_png.rf.1f26a55832195f31da63c9961315144e.jpg,"['heading', 'text', 'heading', 'button']"
bbc_com_png.rf.314ad005b1311fe0f388e4dd77755dc5.jpg,"['image', 'image', 'heading', 'image', 'text', 'heading', 'image', 'heading', 'field']"
jedit_org_png.rf.f927058c647fdaeebc9355f5bb476e65.jpg,"['image', 'text', 'text', 'image', 'image', 'link', 'link', 'text', 'image', 'link']"
blog_google_png.rf.25b013127ed94e311654da92903b31e4.jpg,"['image', 'image', 'text', 'heading']"
nypost_com_png.rf.344ac3d32c725bbcb5ba3d2fa1dd3625.jpg,"['button', 'image', 'heading', 'heading', 'heading']"
jotform_com_png.rf.4744310e1e2a13d1efd4f9d1592903de.jpg,"['button', 'image', 'button', 'image', 'button']"
dn_se_png.rf.5ea3333336df37ea98e0f25cd1c0f9e1.jpg,"['button', 'button', 'button', 'button', 'text', 'button', 'button', 'button', 'button', 'button']"
codecanyon_net_png.rf.4cbffae8273882954f35520b872f8bba.jpg,"['image', 'button', 'button', 'image', 'button', 'button', 'button', 'button', 'button', 'image', 'button', 'button', 'button', 'image', 'button', 'button', 'image', 'field']"
icons8_com_png.rf.9509f3dcebf18fdcc1e671b3102b3c2a.jpg,"['image', 'button', 'field']"
golfdigest_com_png.rf.80037841174f37f89065951f0cf92069.jpg,"['link', 'link', 'link', 'link', 'image', 'image', 'image', 'iframe']"
instructables_com_png.rf.c3cfdf9a82fb36524a008e69834e3432.jpg,"['image', 'button', 'text', 'button', 'button', 'text', 'heading']"
hudl_com_png.rf.9c8ed789ccfed3e0b43ff5430f0de156.jpg,"['heading', 'button', 'button', 'button', 'heading', 'text', 'button', 'button']"
librarything_com_png.rf.1d34eecacd4558ecedc7923435c4046e.jpg,"['heading', 'button', 'heading', 'field', 'button', 'image', 'image', 'link', 'link', 'image', 'field', 'image', 'field', 'heading', 'button']"
coursera_org_png.rf.b4f719d07cebd24e57a1bad21fa370bc.jpg,"['button', 'field', 'text', 'button', 'button']"
hulu_com_png.rf.5983a48e071c4fa7434422767137238d.jpg,"['text', 'text', 'text', 'heading', 'text', 'button', 'button']"
support_cloudflare_com_png.rf.bf25dcb38492cc45e7e6a5ae7f72eaad.jpg,"['text', 'text', 'link', 'text', 'text', 'image', 'text', 'image', 'button', 'image', 'text']"
metmuseum_org_png.rf.f9c6851e209b7a089365c30c5bcb8248.jpg,"['button', 'button', 'image', 'button', 'button', 'heading', 'image', 'image', 'heading', 'button']"
fr-fr_facebook_com_png.rf.0dfe77e930113950c05c8c71ab9f5117.jpg,"['link', 'link', 'link', 'text', 'button', 'link', 'heading', 'link', 'link', 'link', 'link', 'link', 'field', 'field']"
pinterest_co_uk_png.rf.487048e2731a0d644d1a5ad23f6cce42.jpg,"['heading', 'heading', 'button', 'button', 'button']"
en_advertisercommunity_com_png.rf.93cc2e2647662e5033c0cdab412b3bf9.jpg,"['field', 'button']"
tomshardware_com_png.rf.e7c7637d466d0d25c776cb1e0d26b49b.jpg,"['button', 'button', 'image', 'image', 'button', 'button', 'button', 'button', 'image', 'image', 'image', 'button', 'button', 'button', 'image', 'link', 'heading', 'button']"
uk_wikipedia_org_png.rf.f106deaa2c9d24696b7c6cc756e87fa0.jpg,"['link', 'link', 'link', 'link', 'link', 'image', 'link', 'link', 'link', 'link', 'link', 'link', 'link', 'link', 'image', 'link', 'link', 'link', 'link', 'text', 'heading', 'image', 'text', 'link', 'link', 'link', 'button', 'link', 'link', 'link', 'link', 'link', 'link', 'text', 'link', 'link', 'link', 'link', 'link', 'link', 'link', 'image', 'link', 'link', 'link', 'link', 'link', 'link', 'link', 'link', 'link', 'button', 'link', 'link', 'link', 'link', 'link', 'link', 'link', 'link', 'link', 'link', 'link', 'link', 'link', 'image', 'link', 'link', 'link', 'link', 'field', 'link']"
www1_folha_uol_com_br_png.rf.8ab40e4d261e2a6992dfaed599ed9d47.jpg,"['button', 'button', 'heading', 'button', 'button', 'button', 'image', 'iframe', 'button']"
ico_org_uk_png.rf.a3739524eef53719d6b61c41ac1818d3.jpg,"['button', 'image', 'heading', 'button', 'text', 'button', 'button', 'button', 'heading', 'button', 'field']"
datpiff_com_png.rf.674155133531cda3b4057dc0a440e7a2.jpg,"['image', 'button', 'image', 'image', 'image', 'button', 'image', 'image', 'image', 'image', 'image']"
amazon_es_png.rf.3e166fc73e4af617fbfe954de32abd93.jpg,"['image', 'button', 'text', 'button', 'image', 'image', 'button', 'button', 'button', 'button', 'image', 'link', 'field', 'heading', 'image', 'field', 'button', 'iframe', 'heading', 'heading', 'button', 'button']"
virtualbox_org_png.rf.d4cf49db9cf636b9d4e58d44669fea8b.jpg,"['link', 'text', 'text', 'link', 'link', 'link', 'link', 'link', 'link', 'text', 'link', 'link', 'image', 'text', 'link', 'link', 'link', 'link', 'text', 'link', 'link', 'link']"
spreaker_com_png.rf.b805495bdaee67fc98eca0a3d744da95.jpg,"['button', 'button', 'button', 'button', 'heading', 'button', 'button']"
getpocket_com_png.rf.7dc5d3d3c9abc13fd1293d62ef723ff4.jpg,"['button', 'text', 'button', 'button', 'image', 'heading']"
europarl_europa_eu_png.rf.647f6a9f2626f2bddb6e3714d5ca5982.jpg,"['button', 'button', 'button', 'button', 'image', 'image', 'button', 'image', 'button', 'button', 'button', 'heading', 'button', 'text']"
wordpress_com_png.rf.4fe1f6e18521cbeae0d7da291e1aacd3.jpg,"['button', 'image', 'heading', 'button', 'button', 'button', 'button', 'button', 'heading', 'image', 'image', 'button']"
raw_githubusercontent_com_png.rf.e162be0e2da5ad57f13aa87fe0f00024.jpg,"['text', 'button', 'button', 'link', 'link', 'field', 'field', 'field', 'heading', 'text']"
nl_pinterest_com_png.rf.109f4af8fab2150610210bd5ea484cfa.jpg,"['text', 'button', 'button', 'button', 'button']"
releases_ubuntu_com_png.rf.05223e27c3ff1ab9c86fd9238b80ae49.jpg,"['link', 'text', 'heading', 'text', 'text']"
indeed_com_png.rf.e6bb748ec224693e05fab894fd2ee20f.jpg,"['text', 'text', 'link', 'link', 'button', 'image', 'button', 'button', 'link', 'link', 'button', 'field', 'button', 'link', 'button', 'button', 'button', 'button']"
mapquest_com_png.rf.6ea3091df834178f99d6e5e075e44f76.jpg,"['button', 'button', 'field', 'image', 'button', 'button', 'button']"
radiko_jp_png.rf.7fb21d07952e32999b7e4ecf04499dba.jpg,['button']
science_sciencemag_org_png.rf.b7df01b4ac3e9092dd3759e18d73abd8.jpg,"['heading', 'iframe']"
androidpolice_com_png.rf.133a64c1d6af612fcc8ca98d4e6fb590.jpg,"['image', 'button', 'iframe']"
thoughtco_com_png.rf.83aa38ece2d1caca2930d1631835f03c.jpg,"['image', 'image', 'text', 'heading', 'image', 'image', 'text', 'field']"
onlinelibrary_wiley_com_png.rf.07f21c6ed1f65e3c28e970c9c757fdc1.jpg,"['heading', 'field']"
getty_edu_png.rf.44f17966c9ae4f39276be9d6165356c0.jpg,"['text', 'image', 'heading']"
eclipse_org_png.rf.3e03ea1e06046596ae95ff74738ac305.jpg,"['image', 'heading', 'text', 'button', 'image', 'image', 'text', 'button', 'button', 'button', 'button', 'button', 'button']"
pbs_org_png.rf.680831f646faa82145066f5d449a388b.jpg,"['heading', 'button', 'button', 'button', 'button', 'button', 'link', 'text', 'link', 'button', 'button', 'image', 'button', 'link', 'button', 'link']"
note_mu_png.rf.818afb772236ebf201e77d1f1a6318a4.jpg,"['heading', 'image', 'image', 'image', 'heading', 'button']"
podcasts_apple_com_png.rf.d417120ca4667ca69dc106a7ec43f2e7.jpg,"['button', 'button', 'image', 'button', 'button', 'button', 'button', 'image', 'image', 'image']"
sourceforge_net_png.rf.51abff954b933bc9fec6d97f2496914f.jpg,"['image', 'button', 'heading', 'heading', 'button', 'text', 'heading', 'text']"
guinnessworldrecords_com_png.rf.4a2fbb2c75a4201e05ea4b040d315dd1.jpg,"['button', 'button']"
energy_gov_png.rf.6a74557eba4106871431f3c76a5a9233.jpg,"['button', 'button', 'image', 'heading', 'heading']"
stuff_co_nz_png.rf.3a510574823048fb1dc872f4ccb4dfe5.jpg,"['link', 'image', 'button', 'heading', 'button', 'button', 'button', 'image', 'text', 'image', 'text', 'button', 'heading', 'image', 'link', 'image', 'button', 'image', 'heading']"
gpo_gov_png.rf.5defd3a654dc6bd2614c7d4878e0ba39.jpg,"['button', 'button', 'button', 'button', 'button', 'field']"
adf_ly_png.rf.f13d41c3d5da72c386749a17836858ca.jpg,"['field', 'button', 'image', 'text', 'image', 'heading', 'image', 'image', 'image', 'text', 'text', 'button', 'text', 'image', 'button']"
support_microsoft_com_png.rf.d7994b2af990970bac0d37253a011065.jpg,"['image', 'button', 'image', 'image', 'text', 'button', 'button', 'image', 'button', 'image', 'button', 'link', 'text', 'field', 'button', 'image', 'button', 'text', 'image', 'button']"
pca_st_png.rf.7f048977f18c7a1b397fe01c25332851.jpg,"['image', 'button', 'button']"
s3_ap-northeast-2_amazonaws_com_png.rf.54060bd058854129e75fa111b5509c14.jpg,"['button', 'image', 'button', 'button', 'heading', 'button', 'button', 'button', 'button', 'button', 'button', 'button', 'button', 'button', 'button', 'button', 'button', 'button', 'button', 'button', 'button', 'button', 'text']"
bible_com_png.rf.ba7ea471e3b2212e37012b525193f1e2.jpg,"['link', 'heading', 'heading', 'heading', 'button', 'heading', 'heading', 'button', 'text', 'text', 'image', 'field', 'button']"
documentcloud_org_png.rf.9fdd5ca47de35594595f59f4bd7cd70d.jpg,"['text', 'image', 'text', 'image', 'text', 'button', 'heading', 'button', 'field', 'text', 'iframe', 'text', 'field']"
ajax_googleapis_com_png.rf.d7122c24bf4c40f83408a4e54e42303a.jpg,"['link', 'text', 'button', 'field', 'link', 'link']"
tandfonline_com_png.rf.2615e42efb39110507f69edbe97c6522.jpg,"['button', 'button', 'button', 'field', 'field']"
us_battle_net_png.rf.25aec1f7a1336a690098aa6717e2fb2f.jpg,"['button', 'image', 'heading', 'image', 'button', 'button']"
it_wikipedia_org_png.rf.be649882df6a0df7ca0809340ffccb19.jpg,"['button', 'link', 'text', 'text', 'heading', 'link', 'heading', 'link', 'link', 'heading', 'button', 'heading', 'link', 'link', 'image', 'text', 'text', 'link', 'text', 'link', 'link', 'link', 'link', 'text', 'link', 'text', 'link', 'link', 'button', 'link', 'heading', 'link', 'link', 'link', 'link', 'link', 'link', 'link', 'button', 'link', 'link', 'link', 'heading', 'link', 'link', 'link', 'link', 'link', 'link', 'link', 'link', 'link', 'link', 'link', 'field', 'image', 'link', 'image', 'link', 'link', 'link']"
tawk_to_png.rf.da8155d5dd20ac986720b40ab922c659.jpg,"['text', 'heading', 'button', 'image', 'button']"
ledgerwallet_com_png.rf.72338c588dce61562834e35d4144618b.jpg,"['image', 'button', 'button', 'text', 'link', 'text', 'button', 'heading']"
animoto_com_png.rf.0a126e4dabadabcc702ddf6dfec26276.jpg,"['heading', 'text', 'text', 'image', 'heading', 'field', 'heading', 'field', 'text', 'text', 'image', 'text', 'text', 'image', 'heading', 'text']"
d3js_org_png.rf.5f32ab25c1bd4ffafd21762f7cc00ea3.jpg,"['button', 'image', 'heading', 'image']"
cafe_naver_com_png.rf.e6ec762622f954ac0fbaa6709b4b287a.jpg,"['button', 'button', 'button', 'image', 'button', 'field', 'button', 'button', 'button', 'button', 'button', 'image', 'image', 'button']"
propublica_org_png.rf.229a1dca15668326649029177fd30c33.jpg,"['heading', 'text', 'link', 'image', 'button', 'link', 'link', 'button', 'button', 'image', 'field', 'heading', 'text']"
twilio_com_png.rf.3c2d254ad96c32874f07d3f05ec44f78.jpg,"['text', 'button', 'heading', 'button', 'image', 'image', 'button', 'image']"
symantec_com_png.rf.d42b0a73f61ee422d393e775d09956d9.jpg,"['image', 'button', 'button', 'link', 'image', 'link', 'image', 'image', 'link', 'field', 'link', 'image', 'link']"
hearthis_at_png.rf.40a9b8cffad5cc45808768a0b95dd4e0.jpg,"['button', 'image', 'button', 'heading', 'image']"
shopee_co_th_png.rf.b8202ed9eb4de78862aa6fa5d324f2e6.jpg,"['button', 'button', 'button', 'image', 'link', 'image', 'image', 'link', 'image', 'image']"
yadi_sk_png.rf.a254cf0e5f60b791f4a62ac4e35867a1.jpg,"['image', 'button', 'image', 'text', 'link', 'button', 'heading', 'button']"
zdnet_com_png.rf.5da1ff27d679234e947a798ce7241335.jpg,"['heading', 'image', 'heading', 'link', 'iframe', 'link', 'image', 'link', 'image', 'heading', 'heading', 'button']"
elle_com_png.rf.1177f9eca9a3f0d5b882557f8343dd89.jpg,"['button', 'iframe', 'button', 'image', 'button']"
ft_com_png.rf.6dc9264c1b0cd716bab0ceeb5f16d8fb.jpg,"['button', 'heading', 'link', 'button', 'heading', 'link', 'heading', 'heading', 'button', 'button', 'button', 'button', 'text', 'button']"
addons_mozilla_org_png.rf.6a116633914c6f5cd9be003b091dc2f2.jpg,"['button', 'text', 'heading', 'text', 'button', 'button', 'button', 'text', 'field', 'heading', 'button']"
d_hatena_ne_jp_png.rf.ebd1dcde69695ccbaa086f53d1b98a46.jpg,"['heading', 'text', 'button', 'button', 'button', 'button', 'button', 'button', 'button', 'image']"
mdpi_com_png.rf.011fc6c851ce90ee308d3c77ba0017a8.jpg,"['heading', 'heading', 'image', 'heading', 'image', 'heading', 'heading', 'button', 'field', 'image', 'button', 'field', 'field']"
lenovo_com_png.rf.c8777987ee8d401486fe038863bc60f7.jpg,"['image', 'heading', 'button', 'button', 'field', 'button', 'button']"
is_gd_png.rf.6747e6dfb9cc1c217ede80c5493e314a.jpg,['image']
iconfinder_com_png.rf.5e83d0a9d76c349c3ea0d930521192b5.jpg,"['text', 'heading']"
